{"rand": [24941, 26702, 25806, 26305, 26619, 26500, 27394, 26905, 26348, 26829, 26032, 27161, 28233, 25912, 25802, 27522, 26567, 26319, 26978, 26378, 24271, 27009, 25905, 26660, 28443, 25610, 26082, 27753, 25897, 25639], "greedy": [19328, 19891, 19364, 19562, 19019, 20633, 19372, 20109, 18312, 19245, 19082, 19677, 19965, 18330, 19388, 18286, 19404, 18802, 19334, 18052, 18906, 19108, 19321, 19372, 18709, 18946, 19236, 18370, 19588, 18990], "algo": [18886, 17564, 18385, 20105, 19386, 18944, 17837, 18933, 18768, 19552, 19426, 19183, 18612, 20398, 18104, 18700, 19046, 18929, 17533, 19654, 18688, 19874, 19066, 18735, 18403, 19098, 18820, 18351, 17974, 18230], "rand-avg": 26484.066666666666, "greedy-avg": 19190.033333333333, "algo-avg": 18839.466666666667}